Cite Key,Title,Authors,Year,Publication Date,Journal,Volume,Pages,Abstract,Citation Count,Citations/Year,DOI,URL,Relevance Score
Sam23,Two-Screen Scattering in CRAFT FRBs,M. Sammons et al.,2023,2023-05-19,,,,"Temporal broadening is a commonly observed property of fast radio bursts (FRBs), associated with turbulent media which cause radiowave scattering. Similarly to dispersion, scattering is an important probe of the media along the line of sight to an FRB source, such as the circum-burst or circum-galactic mediums (CGM). Measurements of characteristic scattering times alone are insufficient to constrain the position of the dominant scattering media along the line of sight. However, where more than one scattering screen exists, Galactic scintillation can be leveraged to form strong constraints. We quantify the scattering and scintillation in 10 FRBs with 1) known host galaxies and redshifts and 2) captured voltage data enabling high-time resolution analysis. We find strong evidence for two screens in three cases. For FRBs 20190608B and 20210320C, we find evidence for scattering screens less than approximately 16.7 and 3000 kpc respectively, from their sources, consistent with the scattering occurring in the circum-burst environment, the host ISM (inter-stellar medium) or the CGM. For FRB 20201124A we find a low modulation index that evolves over the burst's scattering tail, indicating the presence of a scattering screen $\approx9$ kpc from the host, and excluding the circum-burst environment from potential scattering sites. By assuming that pulse broadening is contributed by the host galaxy ISM or circum-burst environment, the lack of observed scintillation in four FRBs in our sample suggests that existing models may be poor estimators of scattering times associated with the Milky Way's ISM, similar to the anomalously low scattering observed for FRB 20201124A.",18,5.8,,https://www.semanticscholar.org/paper/d9bd2ec70f6e0e1c0208663a5e1c812f2a11cbbc,5.0000
Cor21,Redshift Estimation and Constraints on Intergalactic and Interstellar Media from Dispersion and Scattering of Fast Radio Bursts,"J. Cordes, S. Ocker, and S. Chatterjee",2021,2021-08-02,The Astrophysical Journal,931,,"A sample of 14 FRBs with measured redshifts and scattering times is used to assess contributions to dispersion and scattering from the intergalactic medium (IGM), galaxy halos, and the disks of host galaxies. The IGM and galaxy halos contribute significantly to dispersion measures (DMs) but evidently not to scattering, which is then dominated by host galaxies. This enables the usage of scattering times for estimating DM contributions from host galaxies and also for a combined scattering–dispersion redshift estimator. Redshift estimation is calibrated using the scattering of Galactic pulsars after taking into account different scattering geometries for Galactic and intergalactic lines of sight. The DM-only estimator has a bias of ∼0.1 and rms error of ∼0.15 in the redshift estimate for an assumed ad hoc value of 50 pc cm−3 for the host galaxy’s DM contribution. The combined redshift estimator shows less bias by a factor of 4 to 10 and a 20%–40% smaller rms error. We find that values for the baryonic fraction of the ionized IGM f igm ≃ 0.85 ± 0.05 optimize redshift estimation using dispersion and scattering. Our study suggests that 2 of the 14 candidate galaxy associations (FRB 20190523A and FRB 20190611B) should be reconsidered.",36,7.4,10.3847/1538-4357/ac6873,https://doi.org/10.3847/1538-4357/ac6873,4.7000
Ock21,Constraining Galaxy Halos from the Dispersion and Scattering of Fast Radio Bursts and Pulsars,"S. Ocker, J. Cordes, and S. Chatterjee",2021,2021-01-12,The Astrophysical Journal,911,,"Fast radio bursts (FRBs) can be scattered by ionized gas in their local environments, host galaxies, intervening galaxies along their lines of sight (LOS), the intergalactic medium, and the Milky Way. The relative contributions of these different media depend on their geometric configuration and the internal properties of the gas. When these relative contributions are well understood, FRB scattering is a powerful probe of density fluctuations along the LOS. The precise scattering measurements for FRB 121102 and FRB 180916 allow us to place an upper limit on the amount of scattering contributed by the Milky Way halo to these FRBs. The scattering time τ∝(F˜×DM2)Aτ , where DM is the dispersion measure, F˜ quantifies electron density variations with F˜=0 for a smooth medium, and the dimensionless constant A τ quantifies the difference between the mean scattering delay and the 1/e scattering time typically measured. A likelihood analysis of the observed scattering and halo DM constraints finds that F˜ is at least an order of magnitude smaller in the halo than in the Galactic disk. The maximum pulse broadening from the halo is τ ≲ 12 μs at 1 GHz. We compare our analysis of the Milky Way halo with other galaxy halos by placing limits on the scattering contributions from halos intersecting the LOS to FRB 181112 and FRB 191108. Our results are consistent with halos making negligible or very small contributions to the scattering times of these FRBs.",35,6.4,10.3847/1538-4357/abeb6e,https://doi.org/10.3847/1538-4357/abeb6e,4.3000
Ock22c,The Large Dispersion and Scattering of FRB 20190520B Are Dominated by the Host Galaxy,Stella Koch Ocker et al.,2022,2022-02-27,The Astrophysical Journal,931,,"The repeating fast radio burst FRB 20190520B is localized to a galaxy at z = 0.241, much closer than expected given its dispersion measure DM = 1205 ± 4 pc cm−3. Here we assess implications of the large DM and scattering observed from FRB 20190520B for the host galaxy’s plasma properties. A sample of 75 bursts detected with the Five-hundred-meter Aperture Spherical radio Telescope shows scattering on two scales: a mean temporal delay τ(1.41 GHz) = 10.9 ± 1.5 ms, which is attributed to the host galaxy, and a mean scintillation bandwidth Δν d(1.41 GHz) = 0.21 ± 0.01 MHz, which is attributed to the Milky Way. Balmer line measurements for the host imply an Hα emission measure (galaxy frame) EMs = 620 pc cm−6 × (T/104 K)0.9, implying DMHα of order the value inferred from the FRB DM budget, DMh=1121−138+89 pc cm−3 for plasma temperatures greater than the typical value 104 K. Combining τ and DMh yields a nominal constraint on the scattering amplification from the host galaxy F˜G=1.5−0.3+0.8(pc2km)−1/3 , where F˜ describes turbulent density fluctuations and G represents the geometric leverage to scattering that depends on the location of the scattering material. For a two-screen scattering geometry where τ arises from the host galaxy and Δν d from the Milky Way, the implied distance between the FRB source and dominant scattering material is ≲100 pc. The host galaxy scattering and DM contributions support a novel technique for estimating FRB redshifts using the τ–DM relation, and are consistent with previous findings that scattering of localized FRBs is largely dominated by plasma within host galaxies and the Milky Way.",48,11,10.3847/1538-4357/ac6504,https://doi.org/10.3847/1538-4357/ac6504,4.0000
Fab24,A Heavily Scattered Fast Radio Burst Is Viewed Through Multiple Galaxy Halos,Jakob T. Faber et al.,2024,2024-05-23,,,,"We present a multi-wavelength study of the apparently non-repeating, heavily scattered fast radio burst, FRB 20221219A, detected by the Deep Synoptic Array 110 (DSA-110). The burst exhibits a moderate dispersion measure (DM) of $706.7^{+0.6}_{-0.6}$ $\mathrm{pc}~\mathrm{cm}^{-3}$ and an unusually high scattering timescale of $\tau_{\mathrm{obs}} = 19.2_{-2.7}^{+2.7}$ ms at 1.4 GHz. We associate the FRB with a Milky Way-like host galaxy at $z_{\mathrm{host}} = 0.554$ of stellar mass $\mathrm{log}_{10}(M_{\star, \mathrm{host}}) = 10.20^{+0.04}_{-0.03} ~M_\odot$. We identify two intervening galaxy halos at redshifts $z_{\mathrm{igh1}} = 0.492$ and $z_{\mathrm{igh2}} = 0.438$, with low impact parameters, $b_{\mathrm{igh1}} = 43.0_{-11.3}^{+11.3}$ kpc and $b_{\mathrm{igh2}} = 36.1_{-11.3}^{+11.3}$ kpc, and intermediate stellar masses, $\mathrm{log}_{10}(M_{\star, \mathrm{igh1}}) = 10.01^{+0.02}_{-0.02} ~M_\odot$ and $\mathrm{log}_{10}(M_{\star, \mathrm{igh2}}) = 10.60^{+0.02}_{-0.02} ~M_\odot$. The presence of two such galaxies suggests that the sightline is significantly overcrowded compared to the median sightline to this redshift, as inferred from the halo mass function. We perform a detailed analysis of the sightline toward FRB 20221219A, constructing both DM and scattering budgets. Our results suggest that, unlike most well-localized sources, the host galaxy does not dominate the observed scattering. Instead, we posit that an intersection with a single partially ionized cloudlet in the circumgalactic medium of an intervening galaxy could account for the substantial scattering in FRB 20221219A and remain in agreement with typical electron densities inferred for extra-planar dense cloud-like structures in the Galactic and extragalactic halos (e.g., high-velocity clouds).",3,1.4,,https://www.semanticscholar.org/paper/e91d0b8805ee378b50b430235dfd4637a4b3653e,3.8000
Pro19b,The low density and magnetization of a massive galaxy halo exposed by a fast radio burst,J. Prochaska et al.,2019,2019-09-25,Science,366,231 - 234,"Probing a galaxy halo with a radio burst Fast radio bursts (FRBs) are millisecond flashes of radio emission from distant galaxies. It has only recently become possible to locate single bursts precisely enough to determine the host galaxy. Prochaska et al. have observed and localized a FRB using a radio interferometer. The line of sight to the host galaxy coincidentally passes through the outskirts of a closer foreground galaxy. By analyzing the propagation of the FRB, the authors put constraints on the density and magnetization of gas in the outskirts of the foreground galaxy. The technique provides complementary information to existing methods using background quasars. Science, this issue p. 231 A fast radio burst passing through the outskirts of a foreground galaxy constrains the gas density and magnetization. Present-day galaxies are surrounded by cool and enriched halo gas extending for hundreds of kiloparsecs. This halo gas is thought to be the dominant reservoir of material available to fuel future star formation, but direct constraints on its mass and physical properties have been difficult to obtain. We report the detection of a fast radio burst (FRB 181112), localized with arcsecond precision, that passes through the halo of a foreground galaxy. Analysis of the burst shows that the halo gas has low net magnetization and turbulence. Our results imply predominantly diffuse gas in massive galactic halos, even those hosting active supermassive black holes, contrary to some previous results.",219,32,10.1126/science.aay0073,https://doi.org/10.1126/science.aay0073,3.5000
Ved18,Radio wave scattering by circumgalactic cool gas clumps,"H. Vedantham, H. Vedantham, and E. Phinney",2018,2018-11-26,Monthly Notices of the Royal Astronomical Society,,,"We consider the effects of radio wave scattering by cool ionized clumps (T ∼ 104 K) in circumgalactic media (CGMs). The existence of such clumps is inferred from intervening quasar absorption systems, but has long been something of a theoretical mystery. We consider the implications for compact radio sources of the `fog-like' two-phase model of the CGM recently proposed by McCourt et al. In this model, the CGM consists of a diffuse coronal gas (T ≳ 106 K) in pressure equilibrium with numerous ≲1 pc scale cool clumps or `cloudlets' formed by shattering in a cooling instability. The areal filling factor of the cloudlets is expected to exceed unity in {≳ } 10^{11.5} M_☉ haloes, and the ensuing radio wave scattering is akin to that caused by turbulence in the Galactic warm ionized medium. If 30 per cent of cosmic baryons are in the CGM, we show that for a cool-gas volume fraction of fv ∼ 10-3, sources at zs ∼ 1 suffer angular broadening by {∼ } 15 μas and temporal broadening by {∼ } 1 ms at λ = 30 cm, due to scattering by the clumps in intervening CGM. The former prediction will be difficult to test (the angular broadening will suppress Galactic scintillation only for <10 μJy compact synchrotron sources). However the latter prediction, of temporal broadening of localized fast radio bursts, can constrain the size and mass fraction of cool ionized gas clumps as a function of halo mass and redshift, and thus provides a test of the model proposed by McCourt et al.",33,4.4,10.1093/mnras/sty2948,https://doi.org/10.1093/mnras/sty2948,3.3000
Sim20b,Disentangling the Cosmic Web toward FRB 190608,S. Simha et al.,2020,2020-05-27,The Astrophysical Journal,901,,"Fast radio burst (FRB) 190608 was detected by the Australian Square Kilometre Array Pathfinder (ASKAP) and localized to a spiral galaxy at in the Sloan Digital Sky Survey (SDSS) footprint. The burst has a large dispersion measure ( ) compared to the expected cosmic average at its redshift. It also has a large rotation measure ( ) and scattering timescale (τ = 3.3 ms at 1.28 GHz). Chittidi et al. perform a detailed analysis of the ultraviolet and optical emission of the host galaxy and estimate the host DM contribution to be . This work complements theirs and reports the analysis of the optical data of galaxies in the foreground of FRB 190608 in order to explore their contributions to the FRB signal. Together, the two studies delineate an observationally driven, end-to-end study of matter distribution along an FRB sightline, the first study of its kind. Combining our Keck Cosmic Web Imager (KCWI) observations and public SDSS data, we estimate the expected cosmic dispersion measure along the sightline to FRB 190608. We first estimate the contribution of hot, ionized gas in intervening virialized halos ( ). Then, using the Monte Carlo Physarum Machine methodology, we produce a 3D map of ionized gas in cosmic web filaments and compute the DM contribution from matter outside halos ( ). This implies that a greater fraction of ionized gas along this sightline is extant outside virialized halos. We also investigate whether the intervening halos can account for the large FRB rotation measure and pulse width and conclude that it is implausible. Both the pulse broadening and the large Faraday rotation likely arise from the progenitor environment or the host galaxy.",45,7.4,10.3847/1538-4357/abafc3,https://doi.org/10.3847/1538-4357/abafc3,3.1000
Lee23,The FRB 20190520B Sight Line Intersects Foreground Galaxy Clusters,K. Lee et al.,2023,2023-06-08,The Astrophysical Journal Letters,954,,"The repeating fast radio burst FRB 20190520B is an anomaly of the FRB population thanks to its high dispersion measure (DM = 1205 pc cm−3) despite its low redshift of z frb = 0.241. This excess has been attributed to a large host contribution of DMhost ≈ 900 pc cm−3, far larger than any other known FRB. In this paper, we describe spectroscopic observations of the FRB 20190520B field obtained as part of the FLIMFLAM survey, which yielded 701 galaxy redshifts in the field. We find multiple foreground galaxy groups and clusters, for which we then estimated halo masses by comparing their richness with numerical simulations. We discover two separate M halo > 1014 M ⊙ galaxy clusters at z = 0.1867 and 0.2170 that are directly intersected by the FRB sight line within their characteristic halo radius r 200. Subtracting off their estimated DM contributions, as well that of the diffuse intergalactic medium, we estimate a host contribution of DMhost=430−220+140 or 280−170+140pccm−3 (observed frame), depending on whether we assume that the halo gas extends to r 200 or 2 × r 200. This significantly smaller DMhost—no longer the largest known value—is now consistent with Hα emission measures of the host galaxy without invoking unusually high gas temperatures. Combined with the observed FRB scattering timescale, we estimate the turbulent fluctuation and geometric amplification factor of the scattering layer to be F˜G≈4.5–11(pc2km)−1/3 , suggesting that most of the gas is close to the FRB host. This result illustrates the importance of incorporating foreground data for FRB analyses both for understanding the nature of FRBs and to realize their potential as a cosmological probe.",39,13,10.3847/2041-8213/acefb5,https://doi.org/10.3847/2041-8213/acefb5,2.9000
Cor16,Radio Wave Propagation and the Provenance of Fast Radio Bursts,"J. Cordes, R. Wharton, L. Spitler, S. Chatterjee, and I. Wasserman",2016,2016-05-19,arXiv: High Energy Astrophysical Phenomena,,,"We analyze plasma dispersion and scattering of fast radio bursts (FRBs) to identify the dominant locations of free electrons along their lines of sight and thus constrain the distances of the burst sources themselves. We establish the average $\tau$-DM relation for Galactic pulsars and use it as a benchmark for discussing FRB scattering. Though scattering times $\tau$ for FRBs are large in the majority of the 17 events we analyze, they are systematically smaller than those of Galactic pulsars that have similar dispersion measures (DMs). The lack of any correlation between $\tau$ and DM for FRBs suggests that the intergalactic medium (IGM) cannot account for both $\tau$ and DM. We therefore consider mixed models involving the IGM and host galaxies. If the IGM contributes significantly to DM while host galaxies dominate $\tau$, the scattering deficit with respect to the mean Galactic trend can be explained with a $\tau$-DM relation in the host that matches that for the Milky Way. However, it is possible that hosts dominate both $\tau$ and DM, in which case the observed scattering deficits require free electrons in the host to be less turbulent than in the Galaxy, such as if they are in hot rather than warm ionized regions. Our results imply that distances or redshifts of FRB sources can be significantly overestimated if they are based on the assumption that the extragalactic portion of DM is dominated by the IGM.",43,4.3,,https://www.semanticscholar.org/paper/d551c9bba8e00b756848f77a8d78956d47457ad7,2.7000
Mas15,Dense magnetized plasma associated with a fast radio burst,K. Masui et al.,2015,2015-12-02,Nature,528,523-525,"Fast radio bursts are bright, unresolved, non-repeating, broadband, millisecond flashes, found primarily at high Galactic latitudes, with dispersion measures much larger than expected for a Galactic source. The inferred all-sky burst rate is comparable to the core-collapse supernova rate out to redshift 0.5. If the observed dispersion measures are assumed to be dominated by the intergalactic medium, the sources are at cosmological distances with redshifts of 0.2 to 1 (refs 10 and 11). These parameters are consistent with a wide range of source models. One fast burst revealed circular polarization of the radio emission, but no linear polarization was detected, and hence no Faraday rotation measure could be determined. Here we report the examination of archival data revealing Faraday rotation in the fast radio burst FRB 110523. Its radio flux and dispersion measure are consistent with values from previously reported bursts and, accounting for a Galactic contribution to the dispersion and using a model of intergalactic electron density, we place the source at a maximum redshift of 0.5. The burst has a much higher rotation measure than expected for this line of sight through the Milky Way and the intergalactic medium, indicating magnetization in the vicinity of the source itself or within a host galaxy. The pulse was scattered by two distinct plasma screens during propagation, which requires either a dense nebula associated with the source or a location within the central region of its host galaxy. The detection in this instance of magnetization and scattering that are both local to the source favours models involving young stellar populations such as magnetars over models involving the mergers of older neutron stars, which are more likely to be located in low-density regions of the host galaxy.",335,32,10.1038/nature15769,https://doi.org/10.1038/nature15769,2.6000
Pro19,Probing Galactic Halos with Fast Radio Bursts,"J. Prochaska, Yong Zheng UC Santa Cruz, and Uc Berkeley",2019,2019-01-24,Monthly Notices of the Royal Astronomical Society,,,"The precise localization ( 0.1 galaxies has confirmed that the dispersion measures (DMs) of these enigmatic sources afford a new opportunity to probe the diffuse ionized gas around and in between galaxies. In this manuscript, we examine the signatures of gas in dark matter halos (aka halo gas) on DM observations in current and forthcoming FRB surveys. Combining constraints from observations of the high velocity clouds, OVII absorption, and the DM to the Large Magellanic Cloud with hydrostatic models of halo gas, we estimate that our Galactic halo will contribute ${\rm DM}_{\rm MW,halo} \approx 50-80 \rm pc/cm^{-3}$ from the Sun to 200 kpc independent of any contribution from the Galactic ISM. Extending analysis to the Local Group, we demonstrate that M31's halo will be easily detected by high-sample FRB surveys (e.g. CHIME) although signatures from a putative Local Group medium may compete. We then review current empirical constraints on halo gas in distant galaxies and discuss the implications for their DM contributions. We further examine the DM probability distribution function of a population of FRBs at z >> 0 using an updated halo mass function and new models for the halo density profile. Lastly, we illustrate the potential of FRB experiments for resolving the baryonic fraction of halos by analyzing simulated sightlines through the CASBaH survey. All of the code and data products of our analysis are available at this https URL.",156,21,10.1093/mnras/stz261,https://doi.org/10.1093/mnras/stz261,2.6000
Sim23,Searching for the Sources of Excess Extragalactic Dispersion of FRBs,S. Simha et al.,2023,2023-03-13,The Astrophysical Journal,954,,"The FLIMFLAM survey is collecting spectroscopic data of field galaxies near fast radio burst (FRB) sight lines to constrain key parameters describing the distribution of matter in the Universe. In this work, we leverage the survey data to determine the source of the excess extragalactic dispersion measure (DM), compared to Macquart relation estimates of four FRBs: FRB20190714A, FRB20200906A, FRB20200430A, and FRB20210117A. By modeling the gas distribution around the foreground galaxy halos and galaxy groups of the sight lines, we estimate DMhalos, their contribution to the FRB DMs. The FRB20190714A sight line shows a clear excess of foreground halos which contribute roughly two-thirds of the observed excess DM, thus implying a sight line that is baryon dense. FRB20200906A shows a smaller but nonnegligible foreground halo contribution, and further analysis of the intergalactic medium is necessary to ascertain the true cosmic contribution to its DM. FRB20200430A and FRB20210117A show negligible foreground contributions, implying a large host galaxy excess and/or progenitor environment excess.",15,4.6,10.3847/1538-4357/ace324,https://doi.org/10.3847/1538-4357/ace324,2.5000
Ock22b,Scattering variability detected from the circumsource medium of FRB 20190520B,S. Ocker et al.,2022,2022-10-05,Monthly Notices of the Royal Astronomical Society,,,"'
 Fast radio bursts (FRBs) are millisecond-timescale radio transients, the origins of which are predominantly extragalactic and likely involve highly magnetized compact objects. FRBs undergo multipath propagation, or scattering, from electron density fluctuations on sub-parsec scales in ionized gas along the line-of-sight. Scattering observations have located plasma structures within FRB host galaxies, probed Galactic and extragalactic turbulence, and constrained FRB redshifts. Scattering also inhibits FRB detection and biases the observed FRB population. We report the detection of scattering times from the repeating FRB 20190520B that vary by up to a factor of two or more on minutes to days-long timescales. In one notable case, the scattering time varied from 7.9 ± 0.4 ms to less than 3.1 ms ($95{{\ \rm per\ cent}}$ confidence) over 2.9 minutes at 1.45 GHz. The scattering times appear to be uncorrelated between bursts or with dispersion and rotation measure variations. Scattering variations are attributable to dynamic, inhomogeneous plasma in the circumsource medium, and analogous variations have been observed from the Crab pulsar. Under such circumstances, the frequency dependence of scattering can deviate from the typical power-law used to measure scattering. Similar variations may therefore be detectable from other FRBs, even those with inconspicuous scattering, providing a unique probe of small-scale processes within FRB environments.",25,6.7,10.1093/mnras/stac3547,https://doi.org/10.1093/mnras/stac3547,2.4000
San24,Morphology of 137 Fast Radio Bursts Down to Microsecond Timescales from the First CHIME/FRB Baseband Catalog,K. R. Sand et al.,2024,2024-08-23,The Astrophysical Journal,979,,"We present a spectro-temporal analysis of 137 fast radio bursts (FRBs) from the first CHIME/FRB baseband catalog, including 125 one-off bursts and 12 repeat bursts, down to microsecond resolution using the least-squares optimization fitting routine fitburst. We measure subburst components within burst envelopes as narrow as ~23 μs (FWHM), with 20% of the sample displaying substructures narrower than 100 μs, offering constraints on emission mechanisms. Scattering timescales in the sample range from 30 μs to 13 ms at 600 MHz. Our measured values are compared with those in the first CHIME/FRB intensity catalog, revealing that nearly one-third of our sample exhibits additional burst components at higher time resolutions. We observe no correlations between scattering time and dispersion measure, rotation measure, or linear polarization fraction, with the latter suggesting that depolarization due to multipath propagation is negligible in our sample. Bursts with narrower envelopes (≤1 ms) in our sample exhibit higher flux densities, indicating the potential presence of submillisecond FRBs that are being missed by our real-time system below a brightness threshold. Most multicomponent bursts in our sample exhibit subburst separations of ≤1 ms, with no bursts showing separations < 41 μs, even at a time resolution of 2.56 μs, but both scattering and low signal-to-noise ratio can hinder the detection of additional components. Lastly, given the morphological diversity of our sample, we suggest that one-off and repeating FRBs can come from different classes but have overlapping property distributions.",14,7.6,10.3847/1538-4357/ad9b11,https://doi.org/10.3847/1538-4357/ad9b11,2.4000
Fon23,Modeling the Morphology of Fast Radio Bursts and Radio Pulsars with fitburst,E. Fonseca et al.,2023,2023-11-10,The Astrophysical Journal Supplement Series,271,,"We present a framework for modeling astrophysical pulses from radio pulsars and fast radio bursts (FRBs). This framework, called fitburst, generates synthetic representations of dynamic spectra that are functions of several physical and heuristic parameters; the heuristic parameters can nonetheless accommodate a vast range of distributions in spectral energy. fitburst is designed to optimize the modeling of features induced by effects that are intrinsic and extrinsic to the emission mechanism, including the magnitude and frequency dependence of pulse dispersion and scatter broadening. fitburst removes intrachannel smearing through two-dimensional upsampling, and can account for phase-wrapping of “folded” signals that are typically acquired during pulsar-timing observations. We demonstrate the effectiveness of fitburst in modeling data containing pulsars and FRBs observed with the Canadian Hydrogen Intensity Mapping Experiment telescope.",24,9.2,10.3847/1538-4365/ad27d6,https://doi.org/10.3847/1538-4365/ad27d6,2.2000
Sim21b,Estimating the Contribution of Foreground Halos to the FRB 180924 Dispersion Measure,S. Simha et al.,2021,2021-08-23,The Astrophysical Journal,921,,"Fast radio burst (FRB) dispersion measures (DMs) record the presence of ionized baryons that are otherwise invisible to other techniques enabling resolution of the matter distribution in the cosmic web. In this work, we aim to estimate the contribution to FRB 180924 DM from foreground galactic halos. Localized by ASKAP to a massive galaxy, this sightline is notable for an estimated cosmic web contribution to the DM (DMcosmic =220 pc cm−3), which is less than the average value at the host redshift (z = 0.3216) estimated from the Macquart relation (280 pc cm−3). In the favored models of the cosmic web, this suggests few intersections with foreground halos at small impact parameters (≲100 kpc). To test this hypothesis, we carried out spectroscopic observations of the field galaxies within ∼1′ of the sightline with VLT/MUSE and Keck/LRIS. Furthermore, we developed a probabilistic methodology that leverages photometric redshifts derived from wide-field DES and WISE imaging. We conclude that there is no galactic halo that closely intersects the sightline and also that the net DM contribution from halos DMhalos < 45 pc cm−3 (95% c.l.). This value is lower than the DMhalos estimated from an “average” sightline (121 pc cm−3) using the Planck ΛCDM model and the Aemulus halo mass function and reasonably explains its low DMcosmic value. We conclude that FRB 180924 represents the predicted majority of sightlines in the universe with no proximate foreground galactic halos. Our framework lays the foundation for a comprehensive analysis of FRB fields in the near future.",10,2.1,10.3847/1538-4357/ac2000,https://doi.org/10.3847/1538-4357/ac2000,2.1000
Con21,The observed impact of galaxy halo gas on fast radio bursts,L. Connor and V. Ravi,2021,2021-07-29,Nature Astronomy,6,1035 - 1042,"Galaxies and groups of galaxies exist in dark-matter haloes filled with diffuse gas. The diffuse gas represents up to 80% of the mass in baryonic matter within the haloes1,2, but is difficult to detect because of its low density (particle number densities of ≲10−4 cm−3) and high temperature (mostly >106 K). Here we analyse the impact of diffuse gas associated with nearby galaxies using the dispersion measures (DMs) of extragalactic fast radio bursts (FRBs). FRB DMs provide direct measurements of the total ionized-gas contents along their sightlines. Out of a sample of 474 distant FRBs from the Canadian Hydrogen Intensity Mapping Experiment (CHIME) FRB Catalog 1 (ref. 3), we identify a subset of events that probably intersect the dark-matter haloes of galaxies in the local Universe (<40 Mpc). The mean DM of the galaxy-intersecting FRBs is larger than that of the non-intersecting FRBs with a probability >0.99 and the excess DM is >90 pc cm−3 with >95% confidence. The excess is larger than expected for the diffuse gas surrounding isolated galaxies, but may be explained by additional contributions from gas surrounding galaxy groups, including from the Local Group. This result demonstrates the predicted ability of FRBs to be used as sensitive, model-independent measures of the diffuse gas contents of dark-matter haloes4–7. Fast radio bursts (FRBs) can be used as sensitive probes of diffuse gas in galaxy dark-matter haloes. Here the authors analyse several fast radio bursts that intersect galaxy dark-matter haloes within 40 Mpc, finding that the additional dispersion provided by the diffuse gas (presumably the intragroup medium) is in excess of 90 pc cm−3.",22,4.5,10.1038/s41550-022-01719-7,https://doi.org/10.1038/s41550-022-01719-7,2.0000
Hes18,FRB 121102 Bursts Show Complex Time–Frequency Structure,J. Hessels et al.,2018,2018-11-26,The Astrophysical Journal Letters,876,,"FRB 121102 is the only known repeating fast radio burst source. Here we analyze a wide-frequency-range (1–8 GHz) sample of high signal-to-noise, coherently dedispersed bursts detected using the Arecibo and Green Bank telescopes. These bursts reveal complex time–frequency structures that include subbursts with finite bandwidths. The frequency-dependent burst structure complicates the determination of a dispersion measure (DM); we argue that it is appropriate to use a DM metric that maximizes frequency-averaged pulse structure, as opposed to peak signal-to-noise, and find DM = 560.57 ± 0.07 pc cm−3 at MJD 57,644. After correcting for dispersive delay, we find that the subbursts have characteristic frequencies that typically drift lower at later times in the total burst envelope. In the 1.1–1.7 GHz band, the ∼0.5–1 ms subbursts have typical bandwidths ranging from 100 to 400 MHz, and a characteristic drift rate of ∼200 MHz ms−1 toward lower frequencies. At higher radio frequencies, the subburst bandwidths and drift rate are larger, on average. While these features could be intrinsic to the burst emission mechanism, they could also be imparted by propagation effects in the medium local to the source. Comparison of the burst DMs with previous values in the literature suggests an increase of ΔDM ∼ 1–3 pc cm−3 in 4 yr; though, this could be a stochastic variation as opposed to a secular trend. This implies changes in the local medium or an additional source of frequency-dependent delay. Overall, the results are consistent with previously proposed scenarios in which FRB 121102 is embedded in a dense nebula.",248,33,10.3847/2041-8213/ab13ae,https://doi.org/10.3847/2041-8213/ab13ae,2.0000
Day20,High time resolution and polarization properties of ASKAP-localized fast radio bursts,C. Day et al.,2020,2020-05-27,Monthly Notices of the Royal Astronomical Society,497,3335-3350,"Combining high time and frequency resolution full-polarisation spectra of Fast Radio Bursts (FRBs) with knowledge of their host galaxy properties provides an opportunity to study both the emission mechanism generating them and the impact of their propagation through their local environment, host galaxy, and the intergalactic medium. The Australian Square Kilometre Array Pathfinder (ASKAP) telescope has provided the first ensemble of bursts with this information. In this paper, we present the high time and spectral resolution, full polarisation observations of five localised FRBs to complement the results published for the previously studied ASKAP FRB~181112. We find that every FRB is highly polarised, with polarisation fractions ranging from 80 -- 100\%, and that they are generally dominated by linear polarisation. While some FRBs in our sample exhibit properties associated with an emerging archetype (i.e., repeating or apparently non-repeating), others exhibit characteristic features of both, implying the existence of a continuum of FRB properties. When examined at high time resolution, we find that all FRBs in our sample have evidence for multiple sub-components and for scattering at a level greater than expected from the Milky Way. We find no correlation between the diverse range of FRB properties (e.g., scattering time, intrinsic width, and rotation measure) and any global property of their host galaxy. The most heavily scattered bursts reside in the outskirts of their host galaxies, suggesting that the source-local environment rather than the host interstellar medium is likely the dominant origin of the scattering in our sample.",106,17,10.1093/MNRAS/STAA2138,https://doi.org/10.1093/MNRAS/STAA2138,1.9000
Mac13,TEMPORAL SMEARING OF TRANSIENT RADIO SOURCES BY THE INTERGALACTIC MEDIUM,J. Macquart and J. Koay,2013,2013-08-21,The Astrophysical Journal,776,,"The temporal smearing of impulsive radio events at cosmological redshifts probes the properties of the ionized intergalactic medium (IGM). We relate the degree of temporal smearing and the profile of a scattered source to the evolution of a turbulent structure in the IGM as a function of redshift. We estimate the degree of scattering expected by analyzing the contributions to the scattering measure of the various components of baryonic matter embedded in the IGM, including the diffuse IGM, intervening galaxies, and intracluster gas. These estimates predict that the amount of temporal smearing expected at 300 MHz is typically as low as ∼1 ms and suggests that these bursts may be detectable with low-frequency widefield arrays. A generalization of the dispersion-measure–scattering-measure relation observed for Galactic scattering to the densities and turbulent conditions relevant to the IGM suggests that scattering measures on the order of 10−6 kpc m−20/3 would be expected at z ∼ 1. This scattering is sufficiently low enough that its effects would not, for most lines of sight, be manifested in existing observations of the scatter broadening in images of extragalactic compact sources. The redshift dependence on the temporal smearing discriminates between scattering that occurs in the host galaxy of the burst and the IGM, with τhost∝(1 + z)−3 if the scattering probes length scales below the inner scale of the turbulence or τhost∝(1 + z)−17/5 if the turbulence follows a Kolmogorov spectrum. This differs strongly from the expected IGM scaling τIGM ∼ z2 for z ≲ 1 and (1 + z)0.2 − 0.5 for z ≳ 1.",80,6.2,10.1088/0004-637X/776/2/125,https://doi.org/10.1088/0004-637X/776/2/125,1.8000
Ock25,Microphysics of Circumgalactic Turbulence Probed by Fast Radio Bursts and Quasars,"S. Ocker, Mandy C. Chen, S. P. Oh, and Prateek Sharma",2025,2025-03-04,The Astrophysical Journal,988,,"The circumgalactic medium (CGM) is poorly constrained at the subparsec scales relevant to turbulent energy dissipation and regulation of multiphase structure. Fast radio bursts are sensitive to small-scale plasma density fluctuations, which can induce multipath propagation (scattering). The amount of scattering depends on the density fluctuation spectrum, including its amplitude Cn2 , spectral index β, and dissipation scale li. We use quasar observations of CGM turbulence at ≳pc scales to infer Cn2 , finding it to be 10−16≲Cn2≲10−9 m−20/3 for hot (T > 106 K) gas and 10−8≲Cn2≲10−4 m−20/3 for cool (104 ≲ T ≲ 105 K) gas, depending on the gas sound speed and density. These values of Cn2 are much smaller than those inferred in the interstellar medium at similar physical scales. The resulting scattering delays from the hot CGM are negligible (≪1 μs at 1 GHz), but they are more detectable from the cool gas as either radio pulse broadening or scintillation, depending on the observing frequency and sightline geometry. Joint quasar-FRB observations of individual galaxies can yield lower limits on li, even if the CGM is not a significant scattering site. An initial comparison between quasar and FRB observations (albeit for different systems) suggests li ≳ 750 km in ∼104 K gas in order for the quasar and FRB constraints to be consistent. If a foreground CGM is completely ruled out as a source of scattering along an FRB sightline, then li may be comparable to the smallest cloud sizes (≲pc) inferred from photoionization modeling of quasar absorption lines.",4,3.1,10.3847/1538-4357/ade0bc,https://doi.org/10.3847/1538-4357/ade0bc,1.7000
Qiu20,A population analysis of pulse broadening in ASKAP fast radio bursts,H. Qiu et al.,2020,2020-06-30,Monthly Notices of the Royal Astronomical Society,497,1382-1390,"The pulse morphology of fast radio bursts (FRBs) provides key information in both understanding progenitor physics and the plasma medium through which the burst propagates. We present a study of the profiles of 33 bright FRBs detected by the Australian Square Kilometre Array Pathfinder. We identify seven FRBs with measureable intrinsic pulse widths, including two FRBs that have been seen to repeat. In our modest sample we see no evidence for bimodality in the pulse width distribution. We also identify five FRBs with evidence of millisecond timescale pulse broadening caused by scattering in inhomogeneous plasma. We find no evidence for a relationship between pulse broadening and extragalactic dispersion measure. The scattering could be either caused by extreme turbulence in the host galaxy or chance propagation through foreground galaxies. With future high time resolution observations and detailed study of host galaxy properties we may be able to probe line-of-sight turbulence on gigaparsec scales.",25,4.2,10.1093/mnras/staa1916,https://doi.org/10.1093/mnras/staa1916,1.6000
Mac18,The Spectral Properties of the Bright Fast Radio Burst Population,J. Macquart et al.,2018,2018-10-10,The Astrophysical Journal Letters,872,,"We examine the spectra of 23 fast radio bursts (FRBs) detected in a fly’s-eye survey with the Australian SKA Pathfinder, including those of three bursts not previously reported. The mean spectral index of (Fν ∝ να) is close to that of the Galactic pulsar population. The sample is dominated by bursts exhibiting a large degree of spectral modulation: 17 exhibit fine-scale spectral modulation with an rms exceeding 50% of the mean, with decorrelation bandwidths (half-maximum) ranging from ≈1 to 49 MHz. Most decorrelation bandwidths are an order of magnitude lower than the ≳30 MHz expected of Galactic interstellar scintillation at the Galactic latitude of the survey, . However, these bandwidths are consistent with the ∼ν4 scaling expected of diffractive scintillation when compared against the spectral structure observed in bright UTMOST FRBs detected at 843 MHz. A test of the amplitude distribution of the spectral fluctuations reveals only 12 bursts consistent at better than a 5% confidence level with the prediction of 100%-modulated diffractive scintillation. Five of six FRBs with a signal-to-noise ratio exceeding 20 are only consistent with this prediction at less than 1% confidence. Nonetheless, there is weak evidence (92%–94% confidence) of an anti-correlation between the amplitude of the spectral modulation and dispersion measure (DM), which suggests that it originates as a propagation effect. This effect is corroborated by the smoothness of the higher-DM Parkes FRBs, and could arise due to quenching of diffractive scintillation (e.g., in the interstellar medium of the host galaxy) by angular broadening in the intergalactic medium.",88,11,10.3847/2041-8213/ab03d6,https://doi.org/10.3847/2041-8213/ab03d6,1.6000
Mai21,Scintillation timescale measurement of the highly active FRB20201124A,R. Main et al.,2021,2021-07-30,,,,"Scintillation of compact radio sources results from the interference between images caused by multipath propagation, and probes the intervening scattering plasma and the velocities of the emitting source and scattering screen. In FRB20201124A, a repeating fast radio burst (FRB) which entered a period of extreme activity, we obtained many burst detections in observations at the upgraded Giant Metrewave Radio Telescope (uGMRT) and the Effelsberg 100\,m Radio Telescope. Bursts nearby in time show similar scintillation patterns, and we measure a scintillation timescale of $14.3\pm1.2$\,min and $7\pm2$\,min at Effelsberg (1370\,MHz) and uGMRT (650\,MHz), respectively, by correlating burst pair spectra. The scintillation bandwidth scaled to 1\,GHz is $0.5\pm0.1$\,MHz, and the inferred scintillation velocity at Effelsberg is $V_{\mathrm{ISS}}\approx (59\pm7) \sqrt{d_{l}/2\,\rm{kpc}}~{\rm km~s}^{-1}$, higher than Earth's velocity for any screen beyond a lens distance of $d_{l} \gtrsim 400\,$pc. From the measured scintillation bandwidth, FRB20201124A has comparatively lower scattering than nearby pulsars, and is underscattered by a factor of $\sim 30$ or $\sim 1200$ compared to the NE2001 and YMW16 model predictions respectively. This underscattering, together with the measured scintillation velocity are consistent with a scattering screen more nearby the Earth at $d_{l} \sim 400\,$pc, rather than at the 2\,kpc spiral arm which NE2001 predicts to be the dominant source of scattering. With future measurements, the distance, geometry, and velocity of the scattering screen could be obtained through modelling of the annual variation in $V_{\rm ISS}$, or through inter-station time delays or interferometric observations. Scintillation/scattering measurements of FRBs could help improve Galactic electron density models, particularly in the Galactic halo or at high Galactic latitudes.",17,3.5,10.1093/mnras/stab3218,https://doi.org/10.1093/mnras/stab3218,1.5000
Ock22,Radio Scattering Horizons for Galactic and Extragalactic Transients,"S. Ocker, J. Cordes, S. Chatterjee, and M. Gorsuch",2022,2022-03-30,The Astrophysical Journal,934,,"Radio wave scattering can cause severe reductions in detection sensitivity for surveys of Galactic and extragalactic fast (∼ms duration) transients. While Galactic sources like pulsars undergo scattering in the Milky Way interstellar medium (ISM), extragalactic fast radio bursts (FRBs) can also experience scattering in their host galaxies and other galaxies intervening in their lines of sight. We assess Galactic and extragalactic scattering horizons for fast radio transients using a combination of NE2001 to model the dispersion measure and scattering time (τ) contributed by the Galactic disk, and independently constructed electron density models for the Galactic halo and other galaxies’ ISMs and halos that account for different galaxy morphologies, masses, densities, and strengths of turbulence. For source redshifts 0.5 ≤ z s ≤ 1, an all-sky, isotropic FRB population has simulated values of τ (1 GHz) ranging from ∼1 μs to ∼2 ms (90% confidence, observer frame) that are dominated by host galaxies, although τ can be ≫2 ms at low Galactic latitudes. A population at z s = 5 has 0.01 ≲ τ ≲ 300 ms at 1 GHz (90% confidence), dominated by intervening galaxies. About 20% of these high-redshift FRBs are predicted to have τ > 5 ms at 1 GHz (observer frame), and ≳40% of FRBs between z s ∼ 0.5–5 have τ ≳ 1 ms for ν ≤ 800 MHz. Our scattering predictions may be conservative if scattering from circumsource environments is significant, which is possible under specific conditions. The percentage of FRBs selected against from scattering could also be substantially larger than we predict if circumgalactic turbulence causes more small-scale (≪1 au) density fluctuations than observed from nearby halos.",18,4.2,10.3847/1538-4357/ac75ba,https://doi.org/10.3847/1538-4357/ac75ba,1.4500
Mas25,Circumgalactic Medium Cloud Sizes from Refractive Fast Radio Burst Scattering,"L. Mas-Ribas, M. McQuinn, and J. Prochaska",2025,2025-04-28,The Astrophysical Journal,990,,"We explore constraints on the size of cool gas clouds in the circumgalactic medium (CGM) obtainable from the presence, or lack thereof, of refractive scattering in fast radio bursts (FRBs). Our refractive analysis sets the most conservative bounds on parsec-scale CGM clumpiness as it does not make assumptions about the turbulent density cascade. We find that the bulk of low-redshift cool CGM gas, constrained to have densities of ne ≲ 10−2 cm−3, likely cannot produce two refractive images and, hence, scattering. It is only for extremely small cloud sizes ≲ 0.1 pc (about 100 times smaller than the so-called shattering scale) that such densities could result in detectable scattering. Dense ne ≳ 0.1 cm−3 gas with shattering-scale cloud sizes is more likely to inhabit the inner several kiloparsecs of the low-redshift CGM; such clouds would result in multiple refractive images and large scattering times ≳ 1−10 ms, but a small fraction of FRB sight lines are likely to be affected. We argue that such large scattering times from an intervening CGM would be a signature of subparsec clouds, even if diffractive scattering from turbulence contributes to the overall scattering. At redshift z ∼ 3, we estimate ∼0.1% of FRBs to intersect massive protoclusters, which may be the most likely place to see scattering owing to their ubiquitous ne ≈ 1 cm−3 cold gas. While much of our discussion assumes a single cloud size, we show similar results hold for a CGM cloud-size distribution motivated by hydrodynamic simulations.",2,1.7,10.3847/1538-4357/adf43b,https://doi.org/10.3847/1538-4357/adf43b,1.4000
Sch21,Scintillation Timescales of Bright FRBs Detected by CHIME/FRB,E. Schoen et al.,2021,2021-11-16,Research Notes of the AAS,5,,"We describe a pipeline to measure scintillation in fast radio bursts (FRBs) detected by CHIME/FRB in the 400–800 MHz band by analyzing the frequency structure of the FRB's spectrum. We use the pipeline to measure the characteristic frequency bandwidths of scintillation between 4–100 kHz in 12 FRBs corresponding to timescales of ∼2–40 μs for 10 FRBs detected by CHIME/FRB. For the other two FRBs, we did not detect scintillation in the region our analysis is sensitive. We compared the measured scintillation timescales to the NE2001 predictions for the scintillation timescales from the Milky Way. We find a strong correlation to be an indication that in most instances, the observed scintillation of FRBs can be explained by the Milky Way.",13,2.8,10.3847/2515-5172/ac3af9,https://doi.org/10.3847/2515-5172/ac3af9,1.4000
Mai22,Modelling annual scintillation velocity variations of FRB 20201124A,R. Main et al.,2022,2022-12-09,Monthly Notices of the Royal Astronomical Society: Letters,,,"'
 Compact radio sources exhibit scintillation, an interference pattern arising from propagation through inhomogeneous plasma, where scintillation patterns encode the relative distances and velocities of the source, scattering material, and Earth. In previous work, we showed that the scintillation velocity of the repeating fast radio burst FRB20201124A could be measured by correlating burst spectra pairs, with low values of the scintillation velocity and scattering timescale suggesting scattering nearby the Earth at ∼0.4 kpc. In this work, we have measured the scintillation velocity at 10 epochs spanning a year, observing an annual variation which strongly implies the screen is within the Milky Way. Modelling the annual variation with a 1D anisotropic or 2D isotropic screen results in a screen distance dl = 0.40 ± 0.04 pc or dl = 0.46 ± 0.06 pc from Earth respectively, possibly associated with material outside of the Local Bubble or the edge of the Orion-Eridanus Superbubble. Additional measurements particularly at times of low effective velocity will help probe changes in screen properties, and distinguish between screen models. Where scintillation of an FRB originates in its host galaxy or local environment, these techniques could be used to detect orbital motion, and probe the FRB’s local ionised environment.",10,2.8,10.1093/mnrasl/slad036,https://doi.org/10.1093/mnrasl/slad036,1.3500
Wu24,Scintillation Velocity and Arc Observations of FRB 20201124A,Zi-wei Wu et al.,2024,2024-06-18,The Astrophysical Journal Letters,969,,"We present the scintillation velocity measurements of FRB 20201124A from the Five-hundred-meter Aperture Spherical radio Telescope observations, which reveal an annual variation. This annual variation is further supported by changes detected in the scintillation arc as observed from the secondary spectrum. We attribute the annual velocity variation to the presence of a moderately anisotropic scattering screen located at a distance of 0.4 ± 0.1 kpc from Earth. Our results prove that the scintillation of this fast radio burst (FRB) is mainly caused by material close to Earth on a Galactic scale. However, scintillation observations of other FRBs may expose their surrounding environment or uncover possible orbital motion if scintillation is caused by materials in their host galaxy.",6,3.0,10.3847/2041-8213/ad5979,https://doi.org/10.3847/2041-8213/ad5979,1.3000
Jow23,Refractive lensing of scintillating FRBs by subparsec cloudlets in the multiphase CGM,"D. Jow, Xiaohan Wu, and Ue-Li Pen",2023,2023-09-13,Proceedings of the National Academy of Sciences of the United States of America,121,,"Significance In this work, we theoretically demonstrate a method by which fast radio bursts (FRBs) that are scintillated by scattering in the Milky Way interstellar medium can be used to constrain physical properties of the diffuse circumgalactic medium (CGM) surrounding other galaxies. Essentially, we explicated the ways in which different models of the CGM predict scattering that can modify the amplitude of observed scintillation. As a larger population of scintillating FRBs are detected, this method will shed light on the physical state of the CGM, which contains a substantial fraction of all the baryons in the universe.",6,2.2,10.1073/pnas.2406783121,https://doi.org/10.1073/pnas.2406783121,1.3000
Xu16,ON THE ORIGIN OF THE SCATTER BROADENING OF FAST RADIO BURST PULSES AND ASTROPHYSICAL IMPLICATIONS,Siyao Xu and Bing Zhang,2016,2016-08-13,The Astrophysical Journal,832,,"Fast radio bursts (FRBs) have been identified as extragalactic sources that can probe turbulence in the intergalactic medium (IGM) and their host galaxies. To account for the observed millisecond pulses caused by scatter broadening, we examine a variety of possible electron density fluctuation models in both the IGM and the host galaxy medium. We find that a short-wave-dominated power-law spectrum of density, which may arise in highly supersonic turbulence with pronounced local dense structures of shock-compressed gas in the host interstellar medium (ISM), can produce the required density enhancements at sufficiently small scales to interpret the scattering timescale of FRBs. This implies that an FRB residing in a galaxy with efficient star formation in action tends to have a broadened pulse. The scaling of the scattering time with the dispersion measure (DM) in the host galaxy varies in different turbulence and scattering regimes. The host galaxy can be the major origin of scatter broadening, but contributes to a small fraction of the total DM. We also find that the sheet-like structure of the density in the host ISM associated with folded magnetic fields in a viscosity-dominated regime of magnetohydrodynamic (MHD) turbulence cannot give rise to strong scattering. Furthermore, valuable insights into the IGM turbulence concerning the detailed spatial structure of density and magnetic field can be gained from the observed scattering timescale of FRBs. Our results favor the suppression of micro-plasma instabilities and the validity of the collisional-MHD description of turbulence properties in the collisionless IGM.",29,2.9,10.3847/0004-637X/832/2/199,https://doi.org/10.3847/0004-637X/832/2/199,1.2500
Wu22,A Measurement of Circumgalactic Gas around Nearby Galaxies Using Fast Radio Bursts,Xiaohan Wu and M. McQuinn,2022,2022-09-09,The Astrophysical Journal,945,,"The distribution of gas in the circumgalactic medium (CGM) of galaxies of all types is poorly constrained. Foreground CGMs contribute an extra amount to the dispersion measure (DM) of fast radio bursts (FRBs). We measure this DM excess for the CGMs of 1011–1013 M ⊙ halos using the CHIME/FRB first data release, a halo mass range that is challenging to probe in any other way. Because of the uncertainty in the FRBs’ angular coordinates, only for nearby galaxies is the localization sufficient to confidently associate them with intersecting any foreground halo. Thus we stack on galaxies within 80 Mpc, optimizing the stacking scheme to approximately minimize the stack’s variance and marginalize over uncertainties in FRB locations. The sample has 20–30 FRBs intersecting halos with masses of 1011–1012 M ⊙ and also of 1012–1013 M ⊙, and these intersections allow a marginal 1σ–2σ detection of the DM excess in both mass bins. The bin of 1011–1012 M ⊙ halos also shows a DM excess at 1–2 virial radii. By comparing data with different models for the CGM gas profile, we find that all models are favored by the data up to 2σ level compared to the null hypothesis of no DM excess. With 3000 more bursts from a future CHIME data release, we project a 4σ detection of the CGM. Distinguishing between viable CGM models by stacking FRBs with CHIME-like localization would require tens of thousands of bursts.",21,5.5,10.3847/1538-4357/acbc7d,https://doi.org/10.3847/1538-4357/acbc7d,1.2000
Zhu21,"The Dispersion Measure and Scattering of Fast Radio Bursts: Contributions from the Intergalactic Medium, Foreground Halos, and Hosts",Weishan Zhu and Long-long Feng,2021,2021-01-13,The Astrophysical Journal,906,,"We investigate the dispersion measure (DM) and scattering of fast radio bursts (FRBs) by the intergalactic medium (IGM), foreground halos, and host halos using cosmological hydrodynamical simulation. We find that the median DM caused by foreground halos is around 30% of that caused by the IGM, but it has a much larger variance. The DM induced by hosts deviates from a log-normal distribution but exhibits an extended distribution in the range of with a median value . Then we produce mock FRB sources, assuming a uniform distribution in the range , to consider the propagation effect of IGM, foreground, and host halos on FRB signals simultaneously. The DM distribution of mock sources agrees well with the observation. The fitted DM–redshift relation of the mock sources can provide a rough estimation of the redshifts of observed events with errors . The distribution of mock sources in the DM scattering time (τ) space can also match the observation, assuming a Kolmogorov turbulence model where the inner and outer scales are 1000 km to 1 au and 0.2–10 pc, respectively. Finally, we estimate the relative importance of these media for DM and τ in our models. The IGM and host halos are the primary and secondary sources for the extragalactic DM ( ). Meanwhile, the contribution from foreground halos increases as increases. The host and foreground halos may be the most important media for scattering. Statistically, the latter may dominate the scattering of events with .",9,1.7,10.3847/1538-4357/abcb90,https://doi.org/10.3847/1538-4357/abcb90,1.2000
T25,Scintillometry of fast radio bursts. Resolution effects in two-screen models,"S. T., Tim Sprenger, O. Wucknitz, Robert A. Main, and L. Spitler",2025,2025-05-07,Astronomy & Astrophysics,,,"Fast radio bursts (FRBs) exhibit scintillation and scattering, which are often attributed to interactions with plasma screens in the Milky Way and the host galaxy. When these two screens appear ""point-like"" to each other, two scales of scintillation can be observed with sufficient frequency resolution. A screen perceives a second screen as extended or resolved when the angular size of the latter is smaller than the angular resolution of the former. The ratio of these two quantities is defined as the resolution power (RP). Previous observational studies have argued that, in the resolving regime, scintillations disappear, assuming that a screen resolving another screen is equivalent to a screen resolving an incoherent emission region. In this theoretical and simulation-based study of resolving effects in two-screen scenarios, we argue that resolving quenches only the relatively broad-scale scintillation and that this quenching is a gradual process. We present qualitative and quantitative predictions for dynamic spectra, spectral autocorrelation functions (ACFs), and modulation indices in resolved and unresolved regimes of two-screen systems. We show that the spectral ACFs of a two-screen system has a product term in addition to the sum of individual screen contributions, causing the total modulation index to rise to ( ) in the unresolved regime. To aid in discovering resolving systems, we also present observable trends in multi-frequency observations of a screen resolving another screen or incoherent emission. Additionally, we introduce a new formula to estimate the distance between the FRB and the screen in its host galaxy. We also show that this formula, as with previous ones in the literature, is only applicable to screens that are two-dimensional in the plane of the sky.",3,2.6,10.1051/0004-6361/202554202,https://doi.org/10.1051/0004-6361/202554202,1.2000
Rav18,Measuring the Circumgalactic and Intergalactic Baryon Contents with Fast Radio Bursts,V. Ravi,2018,2018-04-19,The Astrophysical Journal,872,,"Over 80% of the cosmic baryon density is likely to be distributed in the diffuse, ≳104 K circumgalactic and intergalactic medium (CGM and IGM, respectively). We demonstrate that the dispersion measures (DMs) of samples of localized fast radio bursts (FRBs) can be used to measure the distribution of baryons between the CGM and IGM. We propose to separate the CGM and IGM contributions to FRB DMs by including redshift and mass measurements of intervening galaxies. Using simulated samples of FRB sight lines through intervening galaxy halos and an illustrative model for the CGM, and including realistic observational uncertainties, we show that small samples (O(101)–O(102)) of localized FRBs are sensitive to the presence of CGM gas. The fractions of baryons in the CGM and IGM can be accurately estimated with a few tens of FRBs at z < 1, with uncertainties of ∼10% with N = 10 FRBs that decline as N−1/2. The characteristic radial density profiles of CGM halos may also be possible to constrain with larger FRB samples. The required samples of localized FRBs are expected to be assembled in the coming few years by instruments such as the Australian Square Kilometre Array Pathfinder, the Deep Synoptic Array, MeerKAT, UTMOST-2D, and the Very Large Array.",52,6.4,10.3847/1538-4357/aafb30,https://doi.org/10.3847/1538-4357/aafb30,1.2000
Zhu18,"The Scattering of FRBs by the Intergalactic Medium: Variations, Strength, and Dependence on Dispersion Measures","Weishan Zhu, Long-long Feng, and Fu-Wen Zhang",2018,2018-08-17,The Astrophysical Journal,865,,"The scattering of fast radio bursts (FRBs) by the intergalactic medium (IGM) is explored using cosmological hydrodynamical simulations. We confirm that the scattering by the clumpy IGM has significant line-of-sight variations. We demonstrate that the scattering by the IGM in the voids and walls of the cosmic web is weak, but it can be significantly enhanced by the gas in clusters and filaments. The observed nonmonotonic dependence of the FRB widths on the dispersion measures (DM) cannot determine whether the IGM is an important scattering matter or not. The IGM may dominate the scattering of some FRBs, and the host galaxy dominates others. For the former case, the scattering should be primarily caused by the medium in clusters. A mock sample of 500 sources shows that at z < 1.5. Assuming that the turbulence follows Kolmogorov scaling, we find that an outer scale of L0 ∼ 5 pc is required to make τIGM ∼ 1–10 ms at ν = 1 GHz. The required L0 ∼ 5 pc can alleviate the tension in the timescales of turbulent heating and cooling but is still ∼4 orders of magnitude lower than the presumed injection scale of turbulence in the IGM. The gap is expected to be effectively shortened if the simulation resolution is further increased. The mechanisms that may further reduce the gap are shortly discussed. If future observations can justify the role of the IGM in the broadening of FRBs, it can help to probe the gas in clusters and filaments.",18,2.3,10.3847/1538-4357/aadbb0,https://doi.org/10.3847/1538-4357/aadbb0,1.1500
Pro17,The astrophysical consequences of intervening galaxy gas on fast radio bursts,"J. Prochaska, Marcel Neeleman Astronomy, Astrophysics, and U. Cruz",2017,2017-11-01,Monthly Notices of the Royal Astronomical Society,474,318-325,"We adopt and analyze results on the incidence and physical properties of damped Ly$\alpha$ systems (DLAs) to predict the astrophysical impact of gas in galaxies on observations of Fast Radio Bursts (FRBs). Three DLA measures form the basis of this analysis: (i) the HI column density distribution, parameterized as a double power-law; (ii) the incidence of DLAs with redshift (derived here), $\ell(z)=A+B \arctan(z-C)$ with $A=0.236_{-0.021}^{+0.016}, B=0.168_{-0.017}^{+0.010}, C=2.87_{-0.13}^{+0.17}$ and (iii) the electron density, parameterized as a log-normal deviate with mean $10^{-2.6} cm^{-3}$ and dispersion 0.3dex. Synthesizing these results, we estimate that the average rest-frame dispersion measure from the neutral medium of a single, intersecting galaxy is DM$^{NM}_{DLA}=0.25$ pc/cm^3. Analysis of AlIII and CII* absorption limits the putative warm ionized medium to contribute DM$^{WIM}_{DLA}<20$pc/cm^3. Given the low incidence of DLAs, we find that a population of FRBs at z=2 will incur DM(z=2)=0.01 pc/cm^3 on average, with a 99% c.l. upper bound of 0.22 pc/cm^3. Assuming that turbulence of the ISM in external galaxies is qualitatively similar to our Galaxy, we estimate that the angular broadening of an FRB by intersecting galaxies is negligible ($\theta<0.1$mas). The temporal broadening is also predicted to be small, $\tau \approx 0.3$ms for a z=1 galaxy intersecting a z=2 FRB for an observing frequency of $\nu=1$GHz. Even with $\nu=600$MHz, the fraction of sightlines broadened beyond 25ms is only approximately 0.1%. We conclude that gas within the ISM of intervening galaxies has a minor effect on the detection of FRBs and their resultant DM distributions. Download the repository at this https URL to repeat and extend the calculations presented here.",16,1.9,10.1093/mnras/stx2824,https://doi.org/10.1093/mnras/stx2824,1.1000
Cha21,Modeling Fast Radio Burst Dispersion and Scattering Properties in the First CHIME/FRB Catalog,P. Chawla et al.,2021,2021-07-22,The Astrophysical Journal,927,,"We present a Monte Carlo–based population synthesis study of fast radio burst (FRB) dispersion and scattering focusing on the first catalog of sources detected with the Canadian Hydrogen Intensity Mapping Experiment Fast Radio Burst (CHIME/FRB) project. We simulate intrinsic properties and propagation effects for a variety of FRB population models and compare the simulated distributions of dispersion measures and scattering timescales with the corresponding distributions from the CHIME/FRB catalog. Our simulations confirm the results of previous population studies, which suggested that the interstellar medium of the host galaxy alone (simulated based on the NE2001 model) cannot explain the observed scattering timescales of FRBs. We therefore consider additional sources of scattering, namely, the circumgalactic medium (CGM) of intervening galaxies and the circumburst medium whose properties are modeled based on typical Galactic plane environments. We find that a population of FRBs with scattering contributed by these media is marginally consistent with the CHIME/FRB catalog. In this scenario, our simulations favor a population of FRBs offset from their galaxy centers over a population that is distributed along the spiral arms. However, if the models proposing the CGM as a source of intense scattering are incorrect, then we conclude that FRBs may inhabit environments with more extreme properties than those inferred for pulsars in the Milky Way.",39,7.9,10.3847/1538-4357/ac49e1,https://doi.org/10.3847/1538-4357/ac49e1,1.1000
Gey16,The frequency dependence of scattering imprints on pulsar observations,M. Geyer and A. Karastergiou,2016,2016-07-18,Monthly Notices of the Royal Astronomical Society,462,2587-2602,"Observations of pulsars across the radio spectrum are revealing a dependence of the characteristic scattering time ($\tau$) on frequency, which is more complex than the simple power law with a theoretically predicted power law index. In this paper we investigate these effects using simulated pulsar data at frequencies below 300 MHz. We investigate different scattering mechanisms, namely isotropic and anisotropic scattering, by thin screens along the line of sight, and the particular frequency dependent impact on pulsar profiles and scattering time scales of each. We also consider how the screen shape, location and offset along the line of sight lead to specific observable effects. We evaluate how well forward fitting techniques perform in determining $\tau$. We investigate the systematic errors in $\tau$ associated with the use of an incorrect fitting method and with the determination of an off-pulse baseline. Our simulations provide examples of average pulse profiles at various frequencies. Using these we compute spectra of $\tau$ and mean flux for different scattering setups. We identify setups that lead to deviations from the simple theoretical picture. This work provides a framework for interpretation of upcoming low frequency data, both in terms of modelling the interstellar medium and understanding intrinsic emission properties of pulsars.",18,1.8,10.1093/mnras/stw1724,https://doi.org/10.1093/mnras/stw1724,1.1000
Bha04,Multifrequency Observations of Radio Pulse Broadening and Constraints on Interstellar Electron Density Microstructure,"N. Bhat, J. Cordes, F. Camilo, D. Nice, and D. Lorimer",2004,2004-01-07,The Astrophysical Journal,605,759 - 783,"We have made observations of 98 low Galactic latitude pulsars to measure pulse broadening caused by multipath propagation through the interstellar medium. Data were collected with the 305 m Arecibo telescope at four radio frequencies between 430 and 2380 MHz. We used a CLEAN-based algorithm to deconvolve interstellar pulse broadening from the measured pulse shapes. We employed two distinct pulse-broadening functions (PBFs): PBF1 is appropriate for a thin screen of scattering material between the Earth and a pulsar, while PBF2 is appropriate for scattering material uniformly distributed along the line of sight from the Earth to a pulsar. We found that some observations were better fitted by PBF1 and some by PBF2. Pulse-broadening times (τd) are derived from fits of PBFs to the data and are compared with the predictions of a smoothed model of the Galactic electron distribution. Several lines of sight show excess broadening, which we model as clumps of high-density scattering material. A global analysis of all available data finds that the pulse broadening scales with frequency, ν, as τd ∝ ν-α, where α ~ 3.9 ± 0.2. This is somewhat shallower than the value α = 4.4 expected from a Kolmogorov medium but could arise if the spectrum of turbulence has an inner cutoff at ~300-800 km. A few objects follow particularly shallow scaling laws (the mean scaling index ⟨α⟩ ~ 3.1 ± 0.1 and ~3.8 ± 0.2, respectively, for PBF1 and PBF2), which may arise from large-scale refraction or from the truncation of scattering screens transverse to the Earth-pulsar line of sight.",283,13,10.1086/382680,https://doi.org/10.1086/382680,1.1000
Wu23,Scintillation Arc from FRB 20220912A,Zi-wei Wu et al.,2023,2023-04-28,"Science China Physics, Mechanics & Astronomy",67,1-9,"We present the interstellar scintillation analysis of fast radio burst (FRB) 20220912A during its extremely active episode in 2022 using data from the Five-hundred-meter Aperture Spherical Radio Telescope (FAST). We detect a scintillation arc in the FRB’s secondary spectrum, which describes the power in terms of the scattered FRB signals’ time delay and Doppler shift. The arc indicates that the scintillation is caused by a highly localized region. Our analysis favors a Milky Way origin of the ionized interstellar medium (IISM) for the localized scattering medium but cannot rule out a host galaxy origin. We present our method for detecting the scintillation arc, which can be applied generally to sources with irregularly spaced bursts or pulses. These methods could help shed light on the complex interstellar environment surrounding the FRBs and in our Galaxy.",12,3.8,10.1007/s11433-023-2186-2,https://doi.org/10.1007/s11433-023-2186-2,1.0500
Cor00,Anomalous Radio-Wave Scattering from Interstellar Plasma Structures,"J. Cordes, T. Dept, U. Cornell, and Naic Nrl",2000,2000-05-24,The Astrophysical Journal,549,997 - 1010,"This paper considers scattering screens that have arbitrary spatial variations of scattering strength transverse to the line of sight, including screens that are spatially well confined, such as disks and filaments. We calculate the scattered image of a point source and the observed pulse shape of a scattered impulse. The consequences of screen confinement include (1) source image shapes that are determined by the physical extent of the screen rather than by the shapes of much smaller diffracting microirregularities (these include image elongations and orientations that are frequency dependent); (2) variation with frequency of angular broadening that is much weaker than the trademark ν-2 scaling law (for a cold, unmagnetized plasma), including frequency-independent cases; and (3) similar departure of the pulse-broadening time from the usually expected ν-4 scaling law. We briefly discuss applications that include scattering of pulses from the Crab pulsar by filaments in the Crab Nebula; image asymmetries from Galactic scattering of the sources Cyg X-3, Sgr A*, and NGC 6334B; and scattering of background active galactic nuclei by intervening galaxies. We also address the consequences for inferences about the shape of the wavenumber spectrum of electron density irregularities, which depend on scaling laws for the image size and the pulse broadening. Future low-frequency (<100 MHz) array observations will also be strongly affected by the Galactic structure of scattering material. Our formalism is derived in the context of radio scattering by plasma density fluctuations. It is also applicable to optical, UV, and X-ray scattering by grains in the interstellar medium.",84,3.2,10.1086/319442,https://doi.org/10.1086/319442,1.0000
Col19,Observations of fast radio bursts at frequencies down to 400 megahertz,The Chimefrb Collaboration,2019,2019-01-09,Nature,566,230 - 234,"Fast radio bursts (FRBs) are highly dispersed millisecond-duration radio flashes probably arriving from far outside the Milky Way1,2. This phenomenon was discovered at radio frequencies near 1.4 gigahertz and so far has been observed in one case3 at as high as 8 gigahertz, but not at below 700 megahertz in spite of substantial searches at low frequencies4–7. Here we report detections of 13 FRBs at radio frequencies as low as 400 megahertz, on the Canadian Hydrogen Intensity Mapping Experiment (CHIME) using the CHIME/FRB instrument8. They were detected during a telescope pre-commissioning phase, when the sensitivity and field of view were not yet at design specifications. Emission in multiple events is seen down to 400 megahertz, the lowest radio frequency to which the telescope is sensitive. The FRBs show various temporal scattering behaviours, with the majority detectably scattered, and some apparently unscattered to within measurement uncertainty even at our lowest frequencies. Of the 13 reported here, one event has the lowest dispersion measure yet reported, implying that it is among the closest yet known, and another has shown multiple repeat bursts, as described in a companion paper9. The overall scattering properties of our sample suggest that FRBs as a class are preferentially located in environments that scatter radio waves more strongly than in the diffuse interstellar medium in the Milky Way. Thirteen fast radio bursts—astrophysical events that last on the order of a millisecond—have been discovered at frequencies as low as 400 megahertz, including only the second known repeating burst.",171,23,10.1038/s41586-018-0867-7,https://doi.org/10.1038/s41586-018-0867-7,1.0000
Cha20,Detection of Repeating FRB 180916.J0158+65 Down to Frequencies of 300 MHz,P. Chawla et al.,2020,2020-04-06,The Astrophysical Journal Letters,896,,"We report on the detection of seven bursts from the periodically active, repeating fast radio burst (FRB) source FRB 180916.J0158+65 in the 300–400 MHz frequency range with the Green Bank Telescope (GBT). Emission in multiple bursts is visible down to the bottom of the GBT band, suggesting that the cutoff frequency (if it exists) for FRB emission is lower than 300 MHz. Observations were conducted during predicted periods of activity of the source, and had simultaneous coverage with the Low Frequency Array (LOFAR) and the FRB backend on the Canadian Hydrogen Intensity Mapping Experiment (CHIME) telescope. We find that one of the GBT-detected bursts has potentially associated emission in the CHIME band (400–800 MHz) but we detect no bursts in the LOFAR band (110–190 MHz), placing a limit of on the spectral index of broadband emission from the source. We also find that emission from the source is severely band-limited with burst bandwidths as low as ∼40 MHz. In addition, we place the strictest constraint on observable scattering of the source, <1.7 ms at 350 MHz, suggesting that the circumburst environment does not have strong scattering properties. Additionally, knowing that the circumburst environment is optically thin to free–free absorption at 300 MHz, we find evidence against the association of a hyper-compact H ii region or a young supernova remnant (age <50 yr) with the source.",77,12,10.3847/2041-8213/ab96bf,https://doi.org/10.3847/2041-8213/ab96bf,1.0000
Far18,FRB microstructure revealed by the real-time detection of FRB170827,W. Farah et al.,2018,2018-03-15,Monthly Notices of the Royal Astronomical Society,478,1209-1217,"We report a new fast radio burst (FRB) discovered in real-time as part of the UTMOST project at the Molonglo Observatory Synthesis Radio Telescope. FRB170827 was first detected with our low-latency ( 20 ± 7 Jy ms, and is narrow with a width of ∼400 s at 10 per cent of its maximum amplitude. However, the burst shows three temporal components, the narrowest of which is ∼30 s, and a scattering time-scale of 4.1 ± 2.7 s. The FRB shows spectral modulations on frequency scales of 1.5 MHz and 0.1 MHz. Both are prominent in the dynamic spectrum, which shows a very bright region of emission between 841 and 843 MHz, and weaker and patchy emission across the entire band. We show that the fine spectral structure could arise in the FRB host galaxy, or its immediate vicinity.",118,14,10.1093/mnras/sty1122,https://doi.org/10.1093/mnras/sty1122,0.9000
Nim24,Magnetospheric origin of a fast radio burst constrained using scintillation,K. Nimmo et al.,2024,2024-06-16,,,,"Fast radio bursts (FRBs) are micro-to-millisecond duration radio transients that originate mostly from extragalactic distances. The emission mechanism responsible for these high luminosity, short duration transients remains debated. The models are broadly grouped into two classes: physical processes that occur within close proximity to a central engine; and central engines that release energy which moves to large radial distances and subsequently interacts with surrounding media producing radio waves. The expected emission region sizes are notably different between these two types of models. FRB emission size constraints can therefore be used to distinguish between these competing models and inform on the physics responsible. Here we present the measurement of two mutually coherent scintillation scales in the frequency spectrum of FRB 20221022A: one originating from a scattering screen located within the Milky Way, and the second originating from a scattering screen located within its host galaxy or local environment. We use the scattering media as an astrophysical lens to constrain the size of the lateral emission region, $R_{\star\mathrm{obs}} \lesssim 3\times10^{4}$ km. We find that this is inconsistent with the expected emission sizes for the large radial distance models, and is more naturally explained with an emission process that operates within or just beyond the magnetosphere of a central compact object. Recently, FRB 20221022A was found to exhibit an S-shaped polarisation angle swing, supporting a magnetospheric emission process. The scintillation results presented in this work independently support this conclusion, while highlighting scintillation as a useful tool in our understanding of FRB emission physics and progenitors.",10,4.9,,https://www.semanticscholar.org/paper/896af4288d47e37524e78db07bf870b1f9618f6e,0.9000
Kum23,Constraining the FRB mechanism from scintillation in the host galaxy,"Pawan Kumar, P. Beniamini, O. Gupta, and J. Cordes",2023,2023-07-28,Monthly Notices of the Royal Astronomical Society,,,"'
 Most FRB models can be divided into two groups based on the distance of the radio emission region from the central engine. The first group of models, the so-called ‘nearby’ or magnetospheric models, invoke FRB emission at distances of 109 cm or less from the central engine, while the second ‘far-away’ models involve emission from distances of 1011 cm or greater. The lateral size for the emission region for the former class of models (≲ 107 cm) is much smaller than the second class of models (≳ 109 cm). We propose that an interstellar scattering screen in the host galaxy is well-suited to differentiate between the two classes of models, particularly based on the level of modulations in the observed intensity with frequency, in the regime of strong diffractive scintillation. This is because the diffractive length scale for the host galaxy’s ISM scattering screen is expected to lie between the transverse emission-region sizes for the ‘nearby’ and the ‘far-away’ class of models. Determining the strength of flux modulation caused by scintillation (scintillation modulation index) across the scintillation bandwidth (∼1/2πδts) would provide a strong constraint on the FRB radiation mechanism when the scatter broadening (δts) is shown to be from the FRB host galaxy. The scaling of the scintillation bandwidth as ∼ν4.4 may make it easier to determine the modulation index at ≳ 1 GHz.",7,2.4,10.1093/mnras/stad3010,https://doi.org/10.1093/mnras/stad3010,0.9000
Bha24b,Selection bias obfuscates the discovery of fast radio burst sources,"M. Bhardwaj, Jimin Lee, and K. Ji",2024,2024-08-03,Nature,634,1065 - 1069,"Fast radio bursts (FRBs) are a newly discovered class of extragalactic radio transients characterized by their high energy and short duration (from microseconds to milliseconds)1. The physical origin of these FRBs remains unknown and is a subject of ongoing research, with magnetars emerging as leading candidates2,3. Previous studies have used various methodologies to address the problem of FRB origin, including demographic analyses of FRB host galaxies and their local environments4–6, assessments of FRB rate evolution with redshift7–9 and searches for proposed multi-messenger FRB counterparts10. However, these studies are susceptible to substantial biases stemming from unaccounted radio and optical selection effects. Here we present empirical evidence for a substantial selection bias against detecting FRBs in galaxies with large inclination angles (edge-on) using a sample of hosts identified for FRBs discovered by untargeted surveys. This inclination-related bias probably leads to a significant underestimation (by about a factor of two) of the FRB rates reported in the literature and disfavours globular clusters as the dominant origin of FRB sources, as previously speculated6. These conclusions have important implications for FRB progenitor models and targeted FRB follow-up strategies. We further investigate the impact of this bias on the relative rate of FRBs in different host environments. Our analysis suggests that scattering in FRB hosts is probably responsible for the observed bias11,12. However, a larger sample of localized FRBs is required to robustly quantify the contribution of scattering to the inclination-related selection bias. The chances of detecting fast radio bursts from a galaxy may be affected by its inclination angle, showing a potential selection bias in determining the sources of the bursts.",12,6.3,10.1038/s41586-024-08065-w,https://doi.org/10.1038/s41586-024-08065-w,0.8000
Pat25,A Spatial Gap in the Sky Distribution of Fast Radio Burst Detections Coinciding with Galactic Plasma Overdensities,S. S. Patil et al.,2025,2025-09-08,The Astrophysical Journal Letters,997,,"We analyze the positional and morphological properties of about 3600 unique fast radio burst (FRB) sources reported in the second FRB catalog generated by the Canadian Hydrogen Intensity Mapping Experiment (CHIME) telescope. We find a two-dimensional dependence of FRB detections on sky position and identify a significant absence of detections in a roughly circular region centered at Galactic coordinates (77 .° 7, 0 .° 9), spanning an area of 213.6 deg2. This detection gap spatially coincides with the Cygnus X region—a plasma-rich star-forming region in the Milky Way. This feature is most likely the result of increased sky temperature and strong multipath scattering by turbulent ionized plasma, which broadens the FRB signals beyond detectability in the CHIME band. Our simulations yield a mean of six expected FRB detections within the gap when accounting for the elevated sky temperature in the direction of the detection gap. We infer that a lower limit of the maximum scattering timescale τsc, 1 GHz ≥ 5.59 ms, obtained without assuming a model of the Galactic electron distribution, is sufficient to suppress the brightness of all coincident FRBs. A similar suppression is seen in Catalog 2 along other high emission measure (EM) sight lines (i.e., EM ≥ 2900 pc cm−6), further supporting a broader trend of suppression due to Galactic scattering. Future very long baseline interferometry measurements of scattering disks with CHIME Outriggers can help confirm our interpretation. Our work highlights the notion that FRBs can serve as new, model-independent tracers of the warm ionized medium within our Galaxy.",3,3.8,10.3847/2041-8213/ae2eb3,https://doi.org/10.3847/2041-8213/ae2eb3,0.8000
